url,sender_from,sender_time,title
https://www.douban.com/doumail/146803335/,我萌故我在,2016-10-09,"
          加微信聊吧。yzx9911
      "
https://www.douban.com/doumail/87668270/,- 蒼狗又白雲,2016-10-09,"
          也好，休养生息了
      "
https://www.douban.com/doumail/150822162/,黑糖甜心,2016-10-09,"
          我不约炮
      "
https://www.douban.com/doumail/151703663/,王玉珏,2016-10-09,"
          房子找怎么样了
      "
https://www.douban.com/doumail/57932563/,nada nada,2016-10-08,"
          No
      "
https://www.douban.com/doumail/150343627/,萌宝,2016-10-08,"
          没事 我不介意
      "
https://www.douban.com/doumail/147741868/,鱼丸,2016-10-08,"
          以后可能会去
      "
https://www.douban.com/doumail/120580820/,playcookie,2016-10-08,"
          还好
      "
https://www.douban.com/doumail/143122113/,SpiCy -,2016-10-08,"
          姑娘在北京？
      "
https://www.douban.com/doumail/143686306/,Rachel,2016-10-07,"
          。。。。
      "
https://www.douban.com/doumail/132237322/,当时明月在,2016-10-07,"
          姑娘人呢
      "
https://www.douban.com/doumail/51603123/,我是丑八怪,2016-10-07,"
          哈哈哈哈 最后决定选第一个回...
      "
https://www.douban.com/doumail/59039536/,去你妹的～,2016-10-07,"
          [图片]
      "
https://www.douban.com/doumail/92089543/,唏哩哇啦,2016-10-07,"
          是不是瘦了
      "
https://www.douban.com/doumail/139354740/,kikiko呀,2016-10-07,"
          姑娘十一假期过得好么
      "
https://www.douban.com/doumail/137708975/,石雨然,2016-10-07,"
          姑娘十一假期过得好么
      "
https://www.douban.com/doumail/148362319/,小曼迪cc,2016-10-07,"
          十一假期过得怎么样
      "
https://www.douban.com/doumail/85418283/,小透明,2016-10-07,"
          姑娘在北京？
      "
https://www.douban.com/doumail/57562357/,Kim,2016-10-07,"
          嗯嗯
      "
https://www.douban.com/doumail/66785695/,猫宁,2016-10-07,"
          猫宁十一假期过得好么
      "
